{"AG": "Ares", "A~": "Ares", "AR": "Arctic", "AV": "Avicora", "AX": "BitPump", "AZ": "Azureus", "BB": "BitBuddy", "BC": "BitComet", "BF": "Bitflu", "BG": "BTG (uses Rasterbar libtorrent)", "BR": "BitRocket", "BS": "BTSlave", "BX": "~Bittorrent X", "CD": "Enhanced CTorrent", "CT": "CTorrent", "DE": "DelugeTorrent", "DP": "Propagate Data Client", "EB": "EBit", "ES": "electric sheep", "FT": "FoxTorrent", "FW": "FrostWire", "FX": "Freebox BitTorrent", "GS": "GSTorrent", "HL": "Halite", "HN": "Hydranode", "KG": "KGet", "KT": "KTorrent", "LH": "LH-ABC", "LP": "Lphant", "LT": "libtorrent", "lt": "libTorrent", "LW": "LimeWire", "MO": "MonoTorrent", "MP": "MooPolice", "MR": "Miro", "MT": "MoonlightTorrent", "NX": "Net Transport", "PD": "Pando", "qB": "qBittorrent", "QD": "QQDownload", "QT": "Qt 4 Torrent example", "RT": "Retriever", "S~": "Shareaza alpha/beta", "SB": "~Swiftbit", "SS": "SwarmScope", "ST": "SymTorrent", "st": "sharktorrent", "SZ": "Shareaza", "TN": "TorrentDotNET", "TR": "Transmission", "TS": "Torrentstorm", "TT": "TuoTu", "UL": "uLeecher!", "UT": "\u00b5Torrent", "UW": "\u00b5Torrent Web", "VG": "Vagaa", "WD": "WebTorrent Desktop", "WT": "BitLet", "WW": "WebTorrent", "WY": "FireTorrent", "XL": "Xunlei", "XT": "XanTorrent", "XX": "Xtorrent", "ZT": "ZipTorrent"}